The recipe,Source file count,Source file changed count,Cumulative scanning time (ns),Max scanning time (ns),Cumulative edit time (ns),Max edit time (ns)
The recipe whose stats are being measured both individually and cumulatively.,The number of source files the recipe ran over.,"The number of source files which were changed in the recipe run. Includes files created, deleted, and edited.",The total time spent across the scanning phase of this recipe.,The max time scanning any one source file.,The total time spent across the editing phase of this recipe.,The max time editing any one source file.
org.openrewrite.java.spring.security5.AuthorizeHttpRequests,10,0,0,0,1752636,230433
org.openrewrite.java.migrate.jakarta.JavaxEEApiToJakarta,10,0,5249,524,23642,4882
org.openrewrite.hibernate.TypeAnnotationParameter,10,0,0,0,49621,5411
org.openrewrite.java.testing.mockito.Mockito1to3Migration,10,0,15828,1351,85834,57011
org.openrewrite.java.migrate.javax.MigrateJaxBWSPlugin,10,0,10305,1863,15122,2092
org.openrewrite.java.spring.batch.ListenerSupportClassToInterface,10,0,7146,968,15600,2045
org.openrewrite.java.migrate.jakarta.WsWsocServerContainerDeprecation,10,0,4725,675,16112,4388
org.openrewrite.java.migrate.jakarta.UpdateRestLet2_6,10,0,15916,2556,17430,2582
org.openrewrite.java.spring.security6.UpdateEnableReactiveMethodSecurity,10,0,0,0,35524,5212
org.openrewrite.java.testing.junit5.ExcludeJUnit4UnlessUsingTestcontainers,10,0,47799,6300,44758,8664
org.openrewrite.java.testing.mockito.MockUtilsToStatic,10,0,0,0,100668,16447
org.openrewrite.java.migrate.sql.JavaSqlAPIs,10,0,12026,6594,17885,2182
org.openrewrite.java.migrate.javax.JavaxManagementMonitorAPIs,10,0,5717,1380,23065,2304
org.openrewrite.java.migrate.UpgradeBuildToJava17,10,0,8294,2946,39044,8022
org.openrewrite.java.migrate.UpgradeBuildToJava11,10,0,6152,1301,19097,2695
org.openrewrite.java.migrate.concurrent.MigrateAtomicBooleanWeakCompareAndSetToWeakCompareAndSetPlain,10,0,6017,1671,10137,1075
org.openrewrite.java.migrate.RemovedModifierAndConstantBootstrapsConstructors,10,0,3817,962,14859,1933
org.openrewrite.java.SimplifyMethodChain,10,0,0,0,384498,75669
org.openrewrite.java.migrate.jakarta.UpdateManagedBeanToNamed,10,0,0,0,467106,161648
org.openrewrite.java.spring.boot2.MigrateHttpMessageConvertersPackageName,10,0,41553,30866,41903,6384
org.openrewrite.java.springdoc.SpringFoxToSpringDoc,10,0,28005,5751,34955,4196
org.openrewrite.java.migrate.javax.MigrateAbstractElementVisitor6To9,10,0,5218,1538,25761,6036
org.openrewrite.java.migrate.jakarta.RemovedSOAPElementFactory,10,0,6302,1753,13233,2081
org.openrewrite.java.migrate.jakarta.MigratePluginsForJakarta10,10,0,23182,8730,14750,3075
org.openrewrite.java.AddCommentToImport,10,0,0,0,2117599,393503
org.openrewrite.java.migrate.jakarta.UpdateAnnotationAttributeJavaxToJakarta,10,0,0,0,3703710,256263
org.openrewrite.apache.httpclient5.InputBufferReadAddOffsetAndLengthArguments,10,0,0,0,25499,4824
org.openrewrite.java.spring.security6.UseSha256InRememberMe,10,0,0,0,80364,12713
org.openrewrite.java.migrate.RemovedSSLSessionGetPeerCertificateChainMethodImpl,10,0,11920,8666,21832,4363
org.openrewrite.java.spring.boot3.RemoveSolrAutoConfigurationExclude,10,0,0,0,1217312,843960
org.openrewrite.java.spring.boot2.HeadersConfigurerLambdaDsl,10,0,0,0,54798,9031
org.openrewrite.java.testing.hamcrest.AddHamcrestIfUsed,10,0,30092,6362,50874,9158
org.openrewrite.java.testing.junit5.MockitoJUnitToMockitoExtension,10,0,0,0,221676,65039
org.openrewrite.java.migrate.javax.MigrateXMLInputFactoryNewInstanceToNewFactory,10,0,5496,1926,12174,1355
org.openrewrite.java.spring.boot2.MigrateConfigurationPropertiesBindingPostProcessorValidatorBeanName,10,0,0,0,58810,5523
org.openrewrite.java.migrate.ArrayStoreExceptionToTypeNotPresentException,10,0,0,0,39115,7572
org.openrewrite.java.testing.mockito.AnyToNullable,10,0,20448152,4060032,380959,100590
org.openrewrite.java.spring.boot2.MoveAutoConfigurationToImportsFile,10,0,352074,241834,1789664,836622
org.openrewrite.java.migrate.RemovedPolicy,10,0,7011,1783,18776,2933
org.openrewrite.java.spring.boot2.MigrateDiskSpaceHealthIndicatorConstructor,10,0,0,0,78893,34564
org.openrewrite.maven.ChangeDependencyScope,10,0,0,0,372101,106179
org.openrewrite.java.AddCommentToMethodInvocations,10,0,0,0,853129,87005
org.openrewrite.java.migrate.cobertura.RemoveCoberturaMavenPlugin,10,0,5028,1341,15848,1602
org.openrewrite.java.spring.kafka.RemoveUsingCompletableFuture,10,0,0,0,9651894,2025049
org.openrewrite.java.migrate.jakarta.JavaxFacesTagLibraryXmlToJakartaFacesTagLibraryXml,10,0,11168,944,36621,4314
org.openrewrite.java.migrate.jakarta.JavaxXmlToJakartaXmlXJCBinding,10,0,16297,1468,20946,3522
org.openrewrite.java.spring.boot3.SpringBootProperties_3_0,10,0,9675,962,46155,11081
org.openrewrite.apache.httpclient5.UsernamePasswordCredentials,10,0,0,0,35447,7361
org.openrewrite.java.migrate.jakarta.UpdateJakartaFacesApi3,10,0,10728,1031,25148,1768
org.openrewrite.java.migrate.lang.MigrateClassLoaderDefineClass,10,0,0,0,1975446,305130
org.openrewrite.java.migrate.jakarta.FileuploadToFileUpload2,10,0,7808,2009,13234,1753
org.openrewrite.java.spring.boot3.SpringBootProperties_3_1,10,0,3866,955,6669,1053
org.openrewrite.java.spring.security5.UpdateArgon2PasswordEncoder,10,0,0,0,30156,4483
org.openrewrite.java.migrate.UseJavaUtilBase64,10,0,0,0,205670,103413
org.openrewrite.java.spring.framework.HttpComponentsClientHttpRequestFactoryReadTimeout,10,0,0,0,20846,3634
org.openrewrite.java.migrate.jakarta.UpdateJakartaFacesApi4,10,0,6497,863,14763,1495
org.openrewrite.java.spring.data.UseJpaRepositoryDeleteAllInBatch,10,0,10448,1108,26325,2495
org.openrewrite.java.migrate.IllegalArgumentExceptionToAlreadyConnectedException,10,0,0,0,16570,1925
org.openrewrite.java.migrate.jakarta.FacesJNDINamesChanged,10,0,7860,1119,39973,4721
org.openrewrite.java.migrate.RemovedSecurityManagerMethods,10,0,0,0,1367948,316130
org.openrewrite.java.spring.boot2.ServerHttpSecurityLambdaDsl,10,0,0,0,61169,10594
org.openrewrite.java.migrate.lang.MigrateSecurityManagerMulticast,10,0,0,0,19840,2868
org.openrewrite.java.migrate.jakarta.JavaxInterceptorToJakartaInterceptor,10,0,10253,2923,21206,5353
org.openrewrite.java.migrate.jakarta.JavaxPersistenceXmlToJakartaPersistenceXml,10,0,31292,2342,69422,5403
org.openrewrite.java.spring.boot2.MergeBootstrapYamlWithApplicationYaml,10,0,2445006,1000822,145617,22727
org.openrewrite.java.migrate.lang.MigrateRuntimeVersionMinorToInterim,10,0,5255,1266,9835,1734
org.openrewrite.java.migrate.jakarta.JavaxDecoratorToJakartaDecorator,10,0,8806,2321,15167,2121
org.openrewrite.java.migrate.DeprecatedJavaxSecurityCert,10,0,5240,1313,23977,3246
org.openrewrite.maven.AddPlugin,10,0,0,0,6738,725
org.openrewrite.java.migrate.jakarta.JakartaFacesXhtmlEE10,10,0,7701,1347,10907,1353
org.openrewrite.java.testing.mockito.MockitoWhenOnStaticToMockStatic,10,0,0,0,42568,5162
org.openrewrite.java.spring.doc.RemoveBeanValidatorPluginsConfiguration,10,0,0,0,100341,10711
org.openrewrite.apache.httpclient5.UpgradeApacheHttpCore_5_NioOutputBuffers,10,0,5803,1204,27187,3848
org.openrewrite.java.migrate.concurrent.MigrateAtomicIntegerArrayWeakCompareAndSetToWeakCompareAndSetPlain,10,0,5168,1477,14466,1366
org.openrewrite.java.testing.junit5.AssertToAssertions,10,0,0,0,98096,21208
org.openrewrite.java.spring.boot2.MigrateUndertowServletWebServerFactorySetEagerInitFilters,10,0,11415,1150,34832,3041
org.openrewrite.maven.RemovePluginDependency,10,0,0,0,1690129,1330874
org.openrewrite.java.migrate.DeprecatedLogRecordThreadID,10,0,4265,1194,15693,2067
org.openrewrite.java.ReplaceAnnotation,10,0,0,0,3690270,1101308
org.openrewrite.xml.ChangeTagAttribute,10,0,0,0,25711071,3703832
org.openrewrite.java.migrate.jakarta.Faces3xMigrationToFaces4x,10,0,8589,1774,27592,4792
org.openrewrite.java.migrate.logging.JavaLoggingAPIs,10,0,5581,1541,24750,2977
org.openrewrite.java.spring.boot3.ActuatorEndpointSanitization,10,0,7742,815,21457,3674
org.openrewrite.java.spring.ChangeSpringPropertyKey,10,0,0,0,546169506,7130524
org.openrewrite.java.migrate.jakarta.RemovalsServletJakarta10,10,0,13534,3766,29062,6511
org.openrewrite.apache.httpclient5.OutputBufferWriteAddOffsetAndLengthArguments,10,0,0,0,25079,6464
org.openrewrite.java.migrate.SunNetSslPackageUnavailable,10,0,8622,4133,16063,1841
org.openrewrite.java.migrate.Jre17AgentMainPreMainPublic,10,0,5749,1338,20125,4243
org.openrewrite.java.spring.security6.RemoveUseAuthorizationManager,10,0,7053,2619,21875,6422
org.openrewrite.java.testing.testcontainers.ExplicitContainerImage,10,0,0,0,72706,1373
org.openrewrite.java.testing.junit5.RunnerToExtension,10,0,0,0,6289703,1996560
org.openrewrite.java.migrate.jakarta.RemovedUIComponentConstant,10,0,10412,913,27403,3707
org.openrewrite.java.spring.boot2.MigrateApplicationHealthIndicatorToPingHealthIndicator,10,0,26213,4289,49146,11647
org.openrewrite.java.migrate.DeprecatedCountStackFramesMethod,10,0,4563,1358,25135,3839
org.openrewrite.java.migrate.javax.MigrateXMLOutputFactoryNewInstanceToNewFactory,10,0,6265,1720,11166,973
org.openrewrite.java.spring.boot2.OutputCaptureExtension,10,0,0,0,152819,43810
org.openrewrite.java.dependencies.UpgradeDependencyVersion,10,0,745513228,327710447,328359483,10923311
org.openrewrite.maven.UpgradeDependencyVersion,10,0,490861,163468,361227,131365
org.openrewrite.java.spring.batch.ReplaceSupportClassWithItsInterface,10,0,0,0,166582,6092
org.openrewrite.java.migrate.jakarta.JavaxPersistenceToJakartaPersistence,10,0,16880,949,121391,52495
org.openrewrite.java.testing.mockito.CleanupPowerMockImports,10,0,0,0,135416,16818
org.openrewrite.java.migrate.javax.AddJaxwsDependencies,10,0,19189,5090,35256,11811
org.openrewrite.java.migrate.ReplaceLocalizedStreamMethods,10,0,0,0,943800,146855
org.openrewrite.java.testing.testcontainers.AddTestcontainersAnnotations,10,0,0,0,9197,2590
org.openrewrite.java.spring.security6.UpdateRequestCache,10,0,0,0,28671,3287
org.openrewrite.java.spring.batch.MigrateJobParameter,10,0,0,0,260545,130802
org.openrewrite.java.spring.framework.MigrateSpringAssert,10,0,10160,2200,17469,2268
org.openrewrite.java.spring.security5.UpgradeSpringSecurity_5_8,10,0,4059,539,14410,1126
org.openrewrite.java.ReorderMethodArguments,10,0,0,0,2088430,649435
org.openrewrite.java.migrate.Java8toJava11,10,0,13998,2641,14008,1531
org.openrewrite.java.migrate.InternalBindPackages,10,0,21827,16566,30553,4560
org.openrewrite.java.spring.security5.UpgradeSpringSecurity_5_7,10,0,16737,2254,46599,5076
org.openrewrite.RenameFile,10,0,0,0,66459598,23978449
org.openrewrite.apache.httpclient4.MappingDeprecatedClasses,10,0,6559,1503,12495,2043
org.openrewrite.java.migrate.lang.JavaLangAPIs,10,0,5760,1338,13721,1231
org.openrewrite.java.spring.boot2.UnnecessarySpringExtension,10,0,0,0,164582,30693
org.openrewrite.java.migrate.jakarta.JavaxBeanValidationXmlToJakartaBeanValidationXml,10,0,11865,804,18940,4368
org.openrewrite.java.migrate.javax.MigrateElementScanner6To9,10,0,3913,1303,15384,1984
org.openrewrite.java.testing.junit5.AddMissingTestBeforeAfterAnnotations,10,0,0,0,2441177,588486
org.openrewrite.java.testing.junit5.UseTestMethodOrder,10,0,0,0,74849,10594
org.openrewrite.java.testing.junit5.EnclosedToNested,10,0,0,0,65475,8858
org.openrewrite.java.migrate.BouncyCastleFromJdk15OnToJdk15to18,10,0,6436,2579,18332,2731
org.openrewrite.java.migrate.lang.MigrateRuntimeVersionSecurityToUpdate,10,0,4205,1189,8986,1516
org.openrewrite.java.migrate.javax.MigrateAbstractAnnotationValueVisitor6To9,10,0,4873,1527,16954,1586
org.openrewrite.java.spring.security6.RequireExplicitSavingOfSecurityContextRepository,10,0,0,0,57824,9366
org.openrewrite.java.testing.arquillian.ArquillianJUnit4ToArquillianJUnit5,10,0,0,0,79331,27753
org.openrewrite.java.migrate.AddMissingMethodImplementation,10,0,0,0,664708,67558
org.openrewrite.java.migrate.BounceCastleFromJdk15OntoJdk18On,10,0,6045,2341,31444,3636
org.openrewrite.java.spring.boot2.MigrateRestClientBuilderCustomizerPackageName,10,0,25313,3837,48758,11905
org.openrewrite.java.spring.boot2.SpringBootMavenPluginMigrateAgentToAgents,10,0,0,0,2167772,1780154
org.openrewrite.java.testing.junit5.EnvironmentVariables,10,0,0,0,43687021,16970202
org.openrewrite.java.migrate.jakarta.JavaxXmlWsMigrationToJakartaXmlWs,10,0,4960,604,16608,1983
org.openrewrite.java.migrate.javax.AddCommonAnnotationsDependencies,10,0,9699,2131,16282,1755
org.openrewrite.java.spring.boot2.MigrateActuatorMediaTypeToApiVersion,10,0,0,0,3976759,1193271
org.openrewrite.java.testing.mockito.ReplaceInitMockToOpenMock,10,0,0,0,125588,45919
org.openrewrite.gradle.AddDependency,10,0,362064,46170,131861,21020
org.openrewrite.maven.RemoveManagedDependency,10,0,0,0,638894,194007
org.openrewrite.apache.httpclient5.NewRequestLine,10,0,0,0,14619,1342
org.openrewrite.java.migrate.jakarta.JakartaFacesTagLibraryXml4,10,0,27818,23935,14233,3666
org.openrewrite.java.testing.junit5.UseHamcrestAssertThat,10,0,0,0,28982,11471
org.openrewrite.apache.httpclient5.StatusLine,10,0,6451,494,51900,7025
org.openrewrite.openapi.swagger.MigrateApiModelToSchema,10,0,0,0,54329,5239
org.openrewrite.java.testing.junit5.AddJupiterDependencies,10,0,3544791,724776,3166281,2783839
org.openrewrite.java.spring.CommentOutSpringPropertyKey,10,0,0,0,37663592,804883
org.openrewrite.java.testing.mockito.RemoveInitMocksIfRunnersSpecified,10,0,0,0,111377,12629
org.openrewrite.java.migrate.RemovedToolProviderConstructor,10,0,4125,1193,21666,5503
org.openrewrite.java.testing.mockito.VerifyZeroToNoMoreInteractions,10,0,11231365,3936254,487276,68626
org.openrewrite.java.dependencies.ChangeDependency,10,0,0,0,149580807,17188260
org.openrewrite.openapi.swagger.ConvertApiResponseToContent,10,0,0,0,73059,8070
org.openrewrite.java.migrate.javax.JavaxLangModelUtil,10,0,6503,1767,15114,1462
org.openrewrite.java.testing.junit5.ParameterizedRunnerToParameterized,10,0,0,0,90663,12013
org.openrewrite.maven.RemoveProperty,10,0,0,0,251578,121534
org.openrewrite.java.migrate.jakarta.JavaxJwsToJakartaJws,10,0,9097,1426,19381,4741
org.openrewrite.java.spring.doc.MigrateDocketBeanToGroupedOpenApiBean,10,0,7083213,3140606,180827,32714
org.openrewrite.apache.httpclient4.UpgradeApacheHttpClient_4_5,10,0,82897,71362,11475,1011
org.openrewrite.java.testing.junit5.UpdateBeforeAfterAnnotations,10,0,0,0,226022,32268
org.openrewrite.staticanalysis.AddSerialAnnotationToSerialVersionUID,10,0,0,0,1109853,206298
org.openrewrite.hibernate.MigrateBooleanMappings,10,0,0,0,215606,22152
org.openrewrite.java.migrate.jakarta.JavaxWebFragmentXmlToJakartaWebFragmentXml,10,0,7389,994,57287,22250
org.openrewrite.java.migrate.jakarta.JakartaWebFragmentXml6,10,0,4975,481,13156,1253
org.openrewrite.java.spring.boot2.MigrateHibernateConstraintsToJavax,10,0,9660,1755,30084,3617
org.openrewrite.apache.httpclient5.AddTimeUnitArgument,10,0,0,0,8927239,569200
org.openrewrite.java.spring.boot2.MigrateLocalServerPortAnnotation,10,0,0,0,107260,14411
org.openrewrite.java.testing.junit5.MigrateAssumptions,10,0,0,0,35782,12322
org.openrewrite.java.spring.cloud2022.MigrateRequestMappingOnFeignClient,10,0,0,0,118571,59709
org.openrewrite.java.testing.junit5.AddMissingNested,10,0,0,0,7740986,2534896
org.openrewrite.java.testing.dbrider.ExecutionListenerToDbRiderAnnotation,10,0,0,0,276168,96088
org.openrewrite.apache.httpclient5.UpgradeApacheHttpClient_5,10,0,5838,463,33622,5720
org.openrewrite.java.migrate.AddStaticVariableOnProducerSessionBean,10,0,2058221,1631216,367553,103832
org.openrewrite.apache.httpclient5.UpgradeApacheHttpCore_5_NioInputBuffers,10,0,4561,719,10018,1146
org.openrewrite.hibernate.TypeDescriptorToType,10,0,11596,1357,54981,9059
org.openrewrite.java.migrate.javax.AddJaxwsRuntime,10,0,0,0,3212,193
org.openrewrite.java.migrate.concurrent.MigrateAtomicIntegerWeakCompareAndSetToWeakCompareAndSetPlain,10,0,4724,1375,13339,1691
org.openrewrite.java.migrate.ReplaceAWTGetPeerMethod,10,0,0,0,17529,1825
org.openrewrite.apache.commons.lang.UpgradeApacheCommonsLang_2_3,10,0,23588,3041,41002,3623
org.openrewrite.java.migrate.RemovedFileIOFinalizeMethods,10,0,4562,1153,24359,5556
org.openrewrite.java.migrate.jakarta.JavaxJsonToJakartaJson,10,0,6328,1540,16498,3973
org.openrewrite.java.migrate.jakarta.JavaxWebXmlToJakartaWebXml,10,0,11310,4361,39103,7365
org.openrewrite.java.spring.security5.UseNewRequestMatchers,10,0,0,0,92621,9082
org.openrewrite.java.migrate.jakarta.JavaxBeansXmlToJakartaBeansXml,10,0,21141,8829,45989,7062
org.openrewrite.java.testing.junit5.JUnit4to5Migration,10,0,15241334,11516671,32380,3868
org.openrewrite.gradle.UpdateJavaCompatibility,10,0,0,0,408111,22230
org.openrewrite.xml.RemoveXmlTag,10,0,0,0,399452,220051
org.openrewrite.java.migrate.jakarta.RemovedJakartaFacesResourceResolver,10,0,11386,3260,43166,3924
org.openrewrite.java.spring.cloud2022.MigrateCloudSleuthToMicrometerTracing,10,0,8481,2192,18548,3030
org.openrewrite.apache.httpclient5.RemoveByteBufferAllocators,10,0,0,0,44502,7155
org.openrewrite.apache.httpclient5.MigrateAuthScope,10,0,0,0,84171,10920
org.openrewrite.java.migrate.jakarta.JavaxXmlBindMigrationToJakartaXmlBind,10,0,5809,966,16284,1926
org.openrewrite.java.testing.testcontainers.Testcontainers2Dependencies,10,0,18881,2384,32986,4003
org.openrewrite.maven.UpgradeParentVersion,10,0,0,0,80134256,54841344
org.openrewrite.java.spring.boot2.RemoveObsoleteSpringRunners,10,0,8387,1218,43855,8527
org.openrewrite.java.migrate.RemovedLegacySunJSSEProviderName,10,0,3655,958,24420,4643
org.openrewrite.java.RemoveMethodInvocations,10,0,0,0,663251,69362
org.openrewrite.java.migrate.concurrent.MigrateAtomicReferenceArrayWeakCompareAndSetToWeakCompareAndSetPlain,10,0,5108,1348,8022,918
org.openrewrite.java.migrate.jakarta.JavaxWebsocketToJakartaWebsocket,10,0,5492,583,62690,6920
org.openrewrite.java.spring.framework.MigrateResponseStatusExceptionGetRawStatusCodeMethod,10,0,0,0,1655230,237192
org.openrewrite.java.migrate.jakarta.JakartaEE10,10,0,17287,3357,14744,1723
org.openrewrite.java.migrate.javaee7.OpenJPAPersistenceProvider,10,0,5748,1474,18953,5000
org.openrewrite.java.migrate.jakarta.JakartaWebXml6,10,0,58922,55062,12352,3518
org.openrewrite.java.spring.boot2.MigrateDatabaseCredentialsForToolYaml,10,0,0,0,39400,2879
org.openrewrite.openapi.swagger.MigrateSwaggerDefinitionToOpenAPIDefinition,10,0,0,0,57000,5613
org.openrewrite.java.migrate.jakarta.JavaxResourceToJakartaResource,10,0,7880,1144,17028,2023
org.openrewrite.java.dependencies.AddDependency,10,0,120171654,55253339,15610542,749825
org.openrewrite.java.testing.junit5.UseMockitoExtension,10,0,21769,1749,63320,11776
org.openrewrite.java.spring.framework.EnvironmentAcceptsProfiles,10,0,0,0,250423,52949
org.openrewrite.java.spring.boot3.MigrateWebMvcTagsToObservationConvention,10,0,0,0,2368881,545705
org.openrewrite.java.spring.boot2.UnnecessarySpringRunWith,10,0,29138,3262,54337,21921
org.openrewrite.java.spring.doc.ApiInfoBuilderToInfo,10,0,0,0,2321115,804550
org.openrewrite.java.migrate.lombok.LombokValToFinalVar,10,0,0,0,797575,89024
org.openrewrite.java.migrate.jakarta.JavaxFacesConfigXmlToJakartaFacesConfigXml,10,0,8442,1135,179638,120187
org.openrewrite.java.spring.data.MigrateQuerydslJpaRepository,10,0,0,0,66702,7674
org.openrewrite.java.migrate.logging.MigrateLoggerGlobalToGetGlobal,10,0,0,0,57986,7785
org.openrewrite.staticanalysis.BigDecimalRoundingConstantsToEnums,10,0,0,0,102281,21500
org.openrewrite.java.migrate.BeanDiscovery,10,0,0,0,110424,74782
org.openrewrite.java.spring.NoRequestMappingAnnotation,10,0,0,0,2646310,2114034
org.openrewrite.maven.UpgradePluginVersion,10,0,0,0,10085424,2764495
org.openrewrite.java.migrate.javax.MigrateSimpleElementVisitor6To9,10,0,5498,1297,15272,2002
org.openrewrite.java.spring.cloud2022.AddLoggingPatternLevelForSleuth,10,0,1206692,1060402,387981,221160
org.openrewrite.java.migrate.jakarta.UpdateYassonDependencies,10,0,5919,546,80312,61619
org.openrewrite.java.ChangePackageInStringLiteral,10,0,0,0,3746810,397389
org.openrewrite.java.migrate.MXBeanRule,10,0,0,0,1483305,317495
org.openrewrite.java.migrate.util.OptionalStreamRecipe,10,0,0,0,18685,1846
org.openrewrite.java.spring.ChangeMethodParameter,10,0,0,0,16100,2877
org.openrewrite.java.RemoveAnnotationAttribute,10,0,0,0,635859,109725
org.openrewrite.java.migrate.UpgradeJavaVersion,10,0,0,0,9015142,620792
org.openrewrite.java.spring.framework.JdbcTemplateObjectArrayArgToVarArgs,10,0,0,0,185903,17727
org.openrewrite.java.spring.batch.SpringBatch4To5Migration,10,0,7010,604,40687,6560
org.openrewrite.java.spring.framework.MigrateHandlerInterceptor,10,0,0,0,150647,15725
org.openrewrite.java.spring.kafka.UpgradeSpringKafka_3_0,10,0,5656,508,29060,3974
org.openrewrite.java.migrate.logging.MigrateLoggerLogrbToUseResourceBundle,10,0,0,0,16742,1845
org.openrewrite.java.migrate.jakarta.JavaxValidationMigrationToJakartaValidation,10,0,8930,2006,13370,1407
org.openrewrite.java.spring.security5.UpdatePbkdf2PasswordEncoder,10,0,0,0,33661,4726
org.openrewrite.java.testing.junit5.MigrateJUnitTestCase,10,0,0,0,119821,17108
org.openrewrite.java.spring.cloud2022.UpgradeSpringCloud_2022,10,0,5467,457,28774,5814
org.openrewrite.java.spring.boot2.MigrateRestTemplateBuilderBasicAuthorization,10,0,74171,42478,22793,2782
org.openrewrite.java.spring.boot2.DatabaseComponentAndBeanInitializationOrderingUnconditionally,10,0,0,0,2194022,1340703
org.openrewrite.java.migrate.JREWrapperInterface,10,0,11585,3358,29005,9139
org.openrewrite.java.migrate.net.MigrateMulticastSocketSetTTLToSetTimeToLive,10,0,0,0,58281,7381
org.openrewrite.java.testing.junit5.TempDirNonFinal,10,0,0,0,58441,8729
org.openrewrite.java.testing.arquillian.ReplaceArquillianInSequenceAnnotation,10,0,0,0,112090,20702
org.openrewrite.java.spring.boot2.MigrateDatabaseCredentialsForToolProperties,10,0,0,0,1939641,392569
org.openrewrite.java.spring.boot2.SpringBootProperties_2_0,10,0,31605,3563,31094,4328
org.openrewrite.java.migrate.jakarta.JavaxEnterpriseToJakartaEnterprise,10,0,5720,1056,17649,3205
org.openrewrite.java.migrate.jakarta.JakartaFacesEcmaScript,10,0,10050,1822,42760,2582
org.openrewrite.java.ChangeMethodAccessLevel,10,0,0,0,79323,7196
org.openrewrite.java.spring.boot2.MaybeAddSpringBootStarterActuator,10,0,57867,14936,21518,3126
org.openrewrite.java.spring.boot3.UpgradeMyBatisToSpringBoot_3_0,10,0,6564,588,612439,595658
org.openrewrite.java.spring.framework.MigrateInstantiationAwareBeanPostProcessorAdapter,10,0,0,0,86133,5919
org.openrewrite.java.testing.mockito.ReplacePowerMockito,10,0,63164,10495,101790,10177
org.openrewrite.java.ReplaceConstantWithAnotherConstant,10,0,0,0,836604,42442
org.openrewrite.java.spring.boot2.MigrateSpringBootServletInitializerPackageName,10,0,26002,12342,31481,7970
org.openrewrite.java.migrate.jakarta.JakartaFacesConfigXml4,10,0,5032,1120,40969,9160
org.openrewrite.java.testing.junit5.ExpectedExceptionToAssertThrows,10,0,0,0,61603,8699
org.openrewrite.java.spring.security5.RenameNimbusdsJsonObjectPackageName,10,0,7914,1382,26169,2941
org.openrewrite.java.testing.junit5.UpdateTestAnnotation,10,0,0,0,4239023,618930
org.openrewrite.java.spring.boot2.MigrateRestTemplateBuilderTimeoutByInt,10,0,0,0,230155,96987
org.openrewrite.github.SetupJavaUpgradeJavaVersion,10,0,0,0,53801,2769
org.openrewrite.java.spring.boot2.SpringBootProperties_2_4,10,0,21933,4842,27794,3247
org.openrewrite.java.migrate.jakarta.JavaxAuthorizationMigrationToJakartaAuthorization,10,0,7473,1796,18606,4894
org.openrewrite.java.ChangeAnnotationAttributeName,10,0,0,0,719432,38335
org.openrewrite.java.spring.boot2.SpringBootProperties_2_3,10,0,16302,3772,44211,6849
org.openrewrite.staticanalysis.InstanceOfPatternMatch,10,0,0,0,2900421,820555
org.openrewrite.java.migrate.logging.MigrateInterfaceLoggingMXBeanToPlatformLoggingMXBean,10,0,5162,1228,13232,1641
org.openrewrite.java.spring.boot2.SpringBootProperties_2_2,10,0,10485,1153,36040,5726
org.openrewrite.java.spring.framework.BeanMethodReturnNull,10,0,0,0,59089,7567
org.openrewrite.java.spring.boot2.SpringBootProperties_2_1,10,0,17748,7364,27485,8423
org.openrewrite.apache.httpclient5.MigrateStringEntityStringCharsetConstructor,10,0,0,0,105097,19383
org.openrewrite.java.spring.boot2.SpringBootProperties_2_7,10,0,23664,5542,44160,5796
org.openrewrite.java.spring.boot2.SpringBootProperties_2_6,10,0,19946,3732,39802,6173
org.openrewrite.maven.RemoveRedundantDependencyVersions,10,0,0,0,1386908,194763
org.openrewrite.java.migrate.net.MigrateHttpURLConnectionHttpServerErrorToHttpInternalError,10,0,0,0,70570,24910
org.openrewrite.hibernate.ReplaceLazyCollectionAnnotation,10,0,0,0,57580,15091
org.openrewrite.java.spring.boot2.SpringBootProperties_2_5,10,0,10335,1134,58823,5793
org.openrewrite.java.spring.boot2.RestTemplateBuilderRequestFactory,10,0,0,0,132235,16000
org.openrewrite.java.ChangePackage,10,0,0,0,49872911,1602981
org.openrewrite.java.spring.ChangeSpringPropertyValue,10,0,0,0,1775984,511013
org.openrewrite.java.migrate.jakarta.DeprecatedCDIAPIsRemoved40,10,0,7201,620,41002,7755
org.openrewrite.java.migrate.AddLombokMapstructBindingMavenDependencyOnly,10,0,22504,1984,14196,2251
org.openrewrite.java.migrate.jakarta.JettyUpgradeEE9,10,0,3030,360,31024,4446
org.openrewrite.java.spring.security5.UseNewSecurityMatchers,10,0,0,0,78315,11305
org.openrewrite.hibernate.EmptyInterceptorToInterface,10,0,0,0,4115773,1239446
org.openrewrite.java.migrate.UpdateSdkMan,10,0,0,0,3515956,181191
org.openrewrite.java.migrate.jakarta.JavaxSecurityToJakartaSecurity,10,0,7199,2226,15128,1418
org.openrewrite.java.testing.junit5.TimeoutRuleToClassAnnotation,10,0,0,0,89412,11572
org.openrewrite.java.migrate.jakarta.JavaxJmsToJakartaJms,10,0,9328,1912,17053,1770
org.openrewrite.java.migrate.UpgradeToJava17,10,0,24086,8342,24094,4852
org.openrewrite.java.spring.security6.oauth2.client.OAuth2LoginLambdaDsl,10,0,0,0,80120,45106
org.openrewrite.hibernate.AddScalarPreferStandardBasicTypes,10,0,0,0,87651,11468
org.openrewrite.java.spring.NoAutowiredOnConstructor,10,0,0,0,49691,3962
org.openrewrite.java.spring.boot2.MigrateWebTestClientBuilderCustomizerPackageName,10,0,9602,1448,29735,4881
org.openrewrite.java.migrate.lang.MigrateRuntimeVersionMajorToFeature,10,0,4355,1246,13346,3979
org.openrewrite.java.testing.junit5.CleanupJUnitImports,10,0,0,0,760876,275917
org.openrewrite.openapi.swagger.MigrateApiParamDefaultValue,10,0,0,0,73093,17061
org.openrewrite.java.ReplaceStringLiteralValue,10,0,0,0,1695463,335820
org.openrewrite.java.migrate.jakarta.JavaxEjbToJakartaEjb,10,0,7513,1692,22794,5997
org.openrewrite.maven.AddPluginDependency,10,0,0,0,2804,235
org.openrewrite.java.migrate.RemovedRuntimeTraceMethods,10,0,5689,2595,37068,5497
org.openrewrite.java.spring.boot2.MigrateErrorPropertiesIncludeStackTraceConstants,10,0,0,0,105332,31468
org.openrewrite.java.migrate.CastArraysAsListToList,10,0,0,0,43909,11979
org.openrewrite.java.spring.boot3.UpgradeMyBatisToSpringBoot_2_1,10,0,74804,4151,319902,82984
org.openrewrite.java.spring.boot3.UpgradeMyBatisToSpringBoot_2_2,10,0,115733,62720,133846,7321
org.openrewrite.java.spring.boot2.MigrateUndertowServletWebServerFactoryIsEagerInitFilters,10,0,34740,4233,30504,3779
org.openrewrite.java.spring.boot3.RemoveEnableBatchProcessing,10,0,0,0,122934,53957
org.openrewrite.maven.UseMavenCompilerPluginReleaseConfiguration,10,0,0,0,520689,143968
org.openrewrite.java.spring.boot3.UpgradeMyBatisToSpringBoot_2_0,10,0,87328,7436,289708,58416
org.openrewrite.java.springdoc.SwaggerToSpringDoc,10,0,13131,2494,35052,4342
org.openrewrite.java.migrate.javaee8.ApacheDefaultProvider,10,0,3648,505,12287,1276
org.openrewrite.java.spring.boot2.ReplaceExtendWithAndContextConfiguration,10,0,0,0,158731,33796
org.openrewrite.xml.ChangeTagValue,10,0,0,0,616485,77206
org.openrewrite.java.migrate.logging.MigrateLogRecordSetMillisToSetInstant,10,0,0,0,211210,45987
org.openrewrite.java.migrate.jakarta.UpgradeFaces3OpenSourceLibraries,10,0,7450,820,24690,2009
org.openrewrite.java.migrate.javax.AddJaxbDependenciesWithRuntime,10,0,7665,1546,51220,10154
org.openrewrite.java.spring.boot3.UpgradeMyBatisToSpringBoot_2_7,10,0,18704,2627,55450,6263
org.openrewrite.java.spring.boot3.UpgradeMyBatisToSpringBoot_2_5,10,0,51626,5896,119314,6881
org.openrewrite.java.testing.testcontainers.Testcontainers2ContainerClasses,10,0,0,0,53627,31939
org.openrewrite.java.spring.boot3.UpgradeMyBatisToSpringBoot_2_6,10,0,36790,3776,110382,50897
org.openrewrite.java.spring.boot3.UpgradeMyBatisToSpringBoot_2_3,10,0,60476,3938,140647,8252
org.openrewrite.java.spring.boot3.UpgradeMyBatisToSpringBoot_2_4,10,0,46797,3023,139009,7484
org.openrewrite.openapi.swagger.MigrateApiResponsesToApiResponses,10,0,12391,2110,51478,7742
org.openrewrite.java.testing.dbrider.MigrateDbRiderSpringToDbRiderJUnit5,10,0,0,0,130742,98004
org.openrewrite.java.testing.junit5.GradleUseJunitJupiter,10,0,0,0,17625,1333
org.openrewrite.java.migrate.concurrent.JavaConcurrentAPIs,10,0,13908,4443,34435,6708
org.openrewrite.java.migrate.jakarta.RemovedJakartaFacesExpressionLanguageClasses,10,0,7916,812,34484,2446
org.openrewrite.java.migrate.jakarta.Faces2xMigrationToJakartaFaces3x,10,0,14793,1819,30823,1622
org.openrewrite.java.spring.boot2.MigrateHsqlEmbeddedDatabaseConnection,10,0,0,0,104818,51772
org.openrewrite.java.migrate.lombok.UpdateLombokToJava11,10,0,5397,1426,20253,5170
org.openrewrite.java.migrate.jakarta.UpdateEclipseLinkDependencies,10,0,8983,2772,29190,5257
org.openrewrite.java.spring.boot2.MigrateErrorControllerPackageName,10,0,11498,1922,35572,6758
org.openrewrite.java.migrate.javax.JavaxXmlStreamAPIs,10,0,5613,1408,17201,1595
org.openrewrite.java.spring.boot3.ConfigurationOverEnableSecurity,10,0,0,0,967485,337432
org.openrewrite.java.migrate.lang.MigrateCharacterIsJavaLetterOrDigitToIsJavaIdentifierPart,10,0,16339,12725,10332,907
org.openrewrite.java.migrate.ChangeDefaultKeyStore,10,0,0,0,208676,29210
org.openrewrite.java.migrate.jakarta.JavaxToJakartaCdiExtensions,10,0,6308,589,22972,3109
org.openrewrite.java.migrate.javax.MigrateCounterMonitorSetThresholdToSetInitThreshold,10,0,5750,1434,10644,917
org.openrewrite.java.migrate.javax.AddJaxwsRuntime$AddJaxwsRuntimeGradle,10,0,0,0,17422,1868
org.openrewrite.xml.ChangeTagName,10,0,0,0,550341,181133
org.openrewrite.apache.httpclient5.UpgradeApacheHttpClientDependencies,10,0,18103,5587,20983,5397
org.openrewrite.hibernate.MigrateToHibernate61,10,0,11967,1127,29407,3792
org.openrewrite.hibernate.MigrateToHibernate60,10,0,6319,655,15237,801
org.openrewrite.java.spring.boot2.SpringBoot2JUnit4to5Migration,10,0,27324,5044,34876,9997
org.openrewrite.hibernate.MigrateToHibernate62,10,0,3029,751,9779,2227
org.openrewrite.java.testing.mockito.Mockito4to5Only,10,0,4414,1099,9037,1491
org.openrewrite.apache.httpclient5.MigrateSSLConnectionSocketFactory,10,0,0,0,78774,10910
org.openrewrite.java.testing.junit5.IgnoreToDisabled,10,0,0,0,132739,56141
org.openrewrite.openapi.swagger.MigrateApiToTag,10,0,0,0,61534,4866
org.openrewrite.java.migrate.jakarta.UpdateJakartaPlatform10,10,0,6040,575,145601,101414
org.openrewrite.maven.AddDependency,10,0,207738,44004,102181,13376
org.openrewrite.jenkins.UpgradeJavaVersion,10,0,453529,192620,1184479,180130
org.openrewrite.java.migrate.javax.MigrateTypeKindVisitor6To9,10,0,5235,1271,15466,4979
org.openrewrite.java.testing.junit5.UseWiremockExtension,10,0,0,0,183580,27995
org.openrewrite.java.spring.security6.RemoveFilterSecurityInterceptorOncePerRequest,10,0,0,0,4757377,1017248
org.openrewrite.java.migrate.jakarta.JavaxMailToJakartaMail,10,0,7178,1443,15568,2233
org.openrewrite.openapi.swagger.MigrateApiModelPropertyToSchema,10,0,12791,3042,62284,10893
org.openrewrite.java.migrate.net.JavaNetAPIs,10,0,10423,4434,60864,7284
org.openrewrite.java.spring.cloud2022.DependencyUpgrades,10,0,4061,455,13430,1135
org.openrewrite.java.UseStaticImport,10,0,0,0,69342,6339
org.openrewrite.java.springdoc.ReplaceSpringFoxDependencies,10,0,37004,3568,24390,2351
org.openrewrite.java.migrate.jakarta.JakartaFacesXhtmlEE9,10,0,12194,2596,58572,25488
org.openrewrite.java.testing.junit5.TemporaryFolderToTempDir,10,0,0,0,76457,9250
org.openrewrite.java.spring.batch.RemoveDefaultBatchConfigurer,10,0,0,0,77834,12967
org.openrewrite.java.migrate.jakarta.UpdateGetRealPath,10,0,0,0,1156126,258756
org.openrewrite.java.testing.testcontainers.ExplicitContainerImages,10,0,0,0,25040,19838
org.openrewrite.openapi.swagger.MigrateApiImplicitParam,10,0,0,0,126376,19177
org.openrewrite.java.spring.data.UseJpaRepositoryGetById,10,0,10858,1222,15275,1768
org.openrewrite.maven.RemoveExclusion,10,0,0,0,2650575,496058
org.openrewrite.apache.httpclient5.ChangeArgumentToTimeValue,10,0,0,0,24193,7166
org.openrewrite.java.spring.framework.MigrateWebMvcConfigurerAdapter,10,0,0,0,368374,53457
org.openrewrite.apache.httpclient5.CredentialsStoreClear,10,0,9177,967,20620,3113
org.openrewrite.java.migrate.jakarta.RemoveJakartaAnnotationDependencyWhenManagedBySpringBoot,10,0,9135694,3520818,13332,2300
org.openrewrite.java.migrate.jakarta.JavaxInjectMigrationToJakartaInject,10,0,11876,2197,32275,9043
org.openrewrite.apache.httpclient5.CredentialsStoreSetCredentials,10,0,19242,1974,66131,7782
org.openrewrite.apache.httpclient5.UpgradeApacheHttpCore_5_NioUtilMapping,10,0,7166,832,11712,1221
org.openrewrite.java.migrate.jakarta.UpdateFileupload2Dependencies,10,0,7685,2561,14058,1443
org.openrewrite.java.spring.data.MigrateJpaSort,10,0,0,0,1873324,312391
org.openrewrite.maven.ChangeDependencyClassifier,10,0,0,0,2484172,411892
org.openrewrite.maven.UpdateMavenProjectPropertyJavaVersion,10,0,0,0,917946,183007
org.openrewrite.java.migrate.lang.MigrateCharacterIsJavaLetterToIsJavaIdentifierStart,10,0,5263,1229,8307,920
org.openrewrite.openapi.swagger.SwaggerToOpenAPI,10,0,13092,2064,23655,2491
org.openrewrite.java.spring.SeparateApplicationYamlByProfile,10,0,503626,362138,213510,33684
org.openrewrite.java.migrate.javax.AddInjectDependencies,10,0,4598,1267,105972,79989
org.openrewrite.java.testing.testcontainers.GetHostMigration,10,0,0,0,36402,31389
org.openrewrite.java.migrate.jakarta.JavaxTransactionMigrationToJakartaTransaction,10,0,8810,2290,17876,3816
org.openrewrite.java.spring.data.JdbcTemplateQueryForLongMigration,10,0,0,0,17023,1642
org.openrewrite.apache.httpclient5.UpgradeApacheHttpClient_5_ClassMapping,10,0,9323,3729,20769,3502
org.openrewrite.java.migrate.jakarta.EhcacheJavaxToJakarta,10,0,2716,348,21424,2922
org.openrewrite.java.migrate.jakarta.MigrateFastjsonForJakarta10,10,0,8429,2570,12348,1445
org.openrewrite.java.migrate.lang.MigrateCharacterIsSpaceToIsWhitespace,10,0,4952,1350,11176,1195
org.openrewrite.java.migrate.jakarta.JavaxJspToJakartaJsp,10,0,6451,1828,20510,4339
org.openrewrite.java.migrate.jakarta.ServletCookieBehaviorChangeRFC6265,10,0,3820,492,12709,3403
org.openrewrite.java.migrate.jakarta.UpdateJerseyDependencies,10,0,14050,5085,27750,5280
org.openrewrite.java.migrate.jakarta.JavaxBatchMigrationToJakartaBatch,10,0,8391,2314,26062,5398
org.openrewrite.java.spring.boot2.UpgradeSpringBoot_2_2,10,0,20598,2377,14750,1557
org.openrewrite.java.ChangeMethodInvocationReturnType,10,0,0,0,5930740,358311
org.openrewrite.java.spring.boot2.UpgradeSpringBoot_2_3,10,0,12814,2144,18606,2275
org.openrewrite.java.spring.boot2.UpgradeSpringBoot_2_4,10,0,12730,2139,29962,13034
org.openrewrite.java.spring.boot2.UpgradeSpringBoot_2_5,10,0,17824,3042,32679,12176
org.openrewrite.java.spring.boot2.UpgradeSpringBoot_2_6,10,0,15661,2738,43253,14590
org.openrewrite.java.migrate.jakarta.JavaxServletToJakartaServlet,10,0,5435,1399,27666,9694
org.openrewrite.openapi.swagger.ConvertApiResponseCodesToStrings,10,0,0,0,93717,8702
org.openrewrite.java.spring.boot2.UpgradeSpringBoot_2_7,10,0,100218,87868,98187,48837
org.openrewrite.java.spring.kafka.KafkaOperationsSendReturnType,10,0,0,0,81838,13512
org.openrewrite.java.migrate.jacoco.UpgradeJaCoCo,10,0,5021,1567,10120,675
org.openrewrite.apache.httpclient5.UpgradeApacheHttpClient_5_DeprecatedMethods,10,0,5786,645,107647,24712
org.openrewrite.java.spring.boot2.UpgradeSpringBoot_2_0,10,0,19658,2215,13399,1318
org.openrewrite.java.spring.boot2.UpgradeSpringBoot_2_1,10,0,12819,2120,19063,1354
org.openrewrite.java.migrate.UpgradeToJava6,10,0,14004,6945,14875,1305
org.openrewrite.java.migrate.UpgradeToJava7,10,0,8708,2926,12389,925
org.openrewrite.java.migrate.javax.HttpSessionInvalidate,10,0,0,0,389904,105926
org.openrewrite.java.migrate.javax.MigrateSimpleTypeVisitor6To9,10,0,4736,1625,20585,4559
org.openrewrite.java.migrate.jakarta.MigrationToJakarta10Apis,10,0,8196,725,20568,3716
org.openrewrite.yaml.ChangeKey,10,0,0,0,88512,31173
org.openrewrite.java.migrate.jakarta.RemoveBeanIsNullable,10,0,0,0,1661868,500179
org.openrewrite.java.migrate.jakarta.FacesManagedBeansRemoved,10,0,4064,776,9591,1563
org.openrewrite.java.migrate.concurrent.MigrateAtomicLongArrayWeakCompareAndSetToWeakCompareAndSetPlain,10,0,6011,1514,12149,1134
org.openrewrite.java.testing.junit5.UpgradeSurefirePlugin,10,0,0,0,61634,22881
org.openrewrite.java.migrate.jakarta.UpdateBeanManagerMethods,10,0,0,0,1476897,362945
org.openrewrite.java.migrate.UpgradeToJava8,10,0,5721,1819,15538,1948
org.openrewrite.java.spring.security6.oauth2.client.OAuth2ClientLambdaDsl,10,0,0,0,29465,10162
org.openrewrite.java.spring.boot2.MigrateToWebServerFactoryCustomizer,10,0,58660,33902,39419,6928
org.openrewrite.java.AddLiteralMethodArgument,10,0,0,0,309263,33015
org.openrewrite.config.CompositeRecipe,10,0,0,0,53045,32536
org.openrewrite.maven.RemovePlugin,10,0,0,0,379617,222676
org.openrewrite.java.testing.mockito.PowerMockitoMockStaticToMockito,10,0,0,0,438995,43790
org.openrewrite.staticanalysis.PrimitiveWrapperClassConstructorToValueOf,10,0,0,0,532687,245607
org.openrewrite.java.spring.security5.ReplaceGlobalMethodSecurityWithMethodSecurity,10,0,0,0,44395,6176
org.openrewrite.apache.httpclient5.UpgradeApacheHttpCoreNioDependencies,10,0,11654,1389,9706,956
org.openrewrite.scala.migrate.UpgradeScala_2_12,10,0,4814,1085,17558,2612
org.openrewrite.java.migrate.javax.MigrateAbstractTypeVisitor6To9,10,0,4979,1719,20663,3796
org.openrewrite.apache.httpclient4.MigrateDefaultHttpClient,10,0,0,0,41923,8355
org.openrewrite.java.migrate.lang.ExplicitRecordImport,10,0,0,0,1482807,273847
org.openrewrite.java.migrate.concurrent.MigrateAtomicReferenceWeakCompareAndSetToWeakCompareAndSetPlain,10,0,4748,1331,19109,1443
org.openrewrite.java.spring.boot2.MigrateMultipartConfigFactory,10,0,0,0,89285,8541
org.openrewrite.java.testing.junit5.RemoveObsoleteRunners,10,0,0,0,6809831,1266161
org.openrewrite.gradle.UpdateGradleWrapper,10,0,9220066,1989533,683453,117462
org.openrewrite.java.migrate.UpgradePluginsForJava17,10,0,4571,951,12567,1576
org.openrewrite.java.spring.boot2.DatabaseComponentAndBeanInitializationOrdering,10,0,13660508,6448490,61102,10113
org.openrewrite.java.spring.batch.UpgradeSkipPolicyParameterType,10,0,4746,556,19795,4577
org.openrewrite.java.testing.junit5.UseXMLUnitLegacy,10,0,0,0,66265,41179
org.openrewrite.java.migrate.jakarta.UpdateApacheShiroDependencies,10,0,5706,535,33875,6785
org.openrewrite.java.spring.boot3.MigrateMaxHttpHeaderSize,10,0,6215,1478,18863,4165
org.openrewrite.java.DeleteMethodArgument,10,0,0,0,798103,98461
org.openrewrite.apache.httpclient5.UpgradeApacheHttpCore_5_NioClassMapping,10,0,13661,3290,14596,1547
org.openrewrite.java.spring.security6.UpgradeSpringSecurity_6_0,10,0,6375,564,138194,95652
org.openrewrite.java.spring.security6.UpgradeSpringSecurity_6_1,10,0,7457,3472,6341,907
org.openrewrite.java.migrate.jakarta.RemovedIsParmetersProvidedMethod,10,0,32389,23753,15442,3063
org.openrewrite.java.migrate.net.MigrateURLDecoderDecode,10,0,0,0,557375,73708
org.openrewrite.java.migrate.javax.AddJaxwsRuntime$AddJaxwsRuntimeMaven,10,0,0,0,203944,137284
org.openrewrite.java.migrate.nio.file.PathsGetToPathOf,10,0,13719,8442,25932,6537
org.openrewrite.java.migrate.UpgradePluginsForJava11,10,0,5659,1142,28662,8450
org.openrewrite.java.migrate.jakarta.JavaxXmlSoapToJakartaXmlSoap,10,0,5051,534,41112,6532
org.openrewrite.java.spring.batch.MigrateJobBuilderFactory,10,0,0,0,70720,11038
org.openrewrite.java.spring.framework.MigrateUtf8MediaTypes,10,0,0,0,5432297,1298219
org.openrewrite.openapi.swagger.MigrateApiOperationToOperation,10,0,10942,2017,41230,4945
org.openrewrite.java.spring.security5.WebSecurityConfigurerAdapter,10,0,0,0,163546,12563
org.openrewrite.java.migrate.util.ReplaceMathRandomWithThreadLocalRandomRecipe,10,0,0,0,26157,3280
org.openrewrite.java.spring.boot3.DowngradeServletApiWhenUsingJetty,10,0,0,0,1024463,528559
org.openrewrite.java.spring.security5.ReplaceGlobalMethodSecurityWithMethodSecurityXml,10,0,6183,917,20542,7490
org.openrewrite.java.spring.boot3.MigrateThymeleafDependencies,10,0,10214,1722,83702,10318
org.openrewrite.java.migrate.ReplaceComSunAWTUtilitiesMethods,10,0,0,0,1746785,405048
org.openrewrite.apache.httpclient5.UpgradeApacheHttpClient_5_TimeUnit,10,0,6569,573,104742,79953
org.openrewrite.java.spring.data.UseJpaRepositoryGetReferenceById,10,0,15005,2710,16728,1744
org.openrewrite.java.testing.junit5.CategoryToTag,10,0,0,0,55044,8309
org.openrewrite.openapi.swagger.UseJakartaSwaggerArtifacts,10,0,7123,579,18567,1340
org.openrewrite.gradle.ChangeDependencyClassifier,10,0,0,0,98057,52262
org.openrewrite.java.spring.framework.UpgradeSpringFramework_5_0,10,0,36800,2538,231773,93512
org.openrewrite.java.spring.framework.MigrateResponseStatusExceptionGetStatusCodeMethod,10,0,0,0,56446,26141
org.openrewrite.java.testing.mockito.MockitoJUnitRunnerToExtension,10,0,0,0,343936,67957
org.openrewrite.java.spring.framework.UpgradeSpringFramework_5_2,10,0,37209,8248,95683,6046
org.openrewrite.java.spring.framework.UpgradeSpringFramework_5_1,10,0,98515,75427,66777,2968
org.openrewrite.java.migrate.jakarta.RestAssuredJavaxToJakarta,10,0,8149,2367,15171,2250
org.openrewrite.java.migrate.RemovedRMIConnectorServerCredentialTypesConstant,10,0,4783,1470,20507,5796
org.openrewrite.java.spring.framework.UpgradeSpringFramework_5_3,10,0,118085,80363,39179,3489
org.openrewrite.java.migrate.javax.MigrateXMLEventFactoryNewInstanceToNewFactory,10,0,4514,1422,9652,1008
org.openrewrite.java.spring.batch.MigrateMethodAnnotatedByBatchAPI,10,0,0,0,216997,27093
org.openrewrite.java.spring.boot2.ChangeEmbeddedServletContainerCustomizer,10,0,0,0,238541,49267
org.openrewrite.java.RemoveAnnotation,10,0,0,0,7791423,512584
org.openrewrite.java.migrate.jakarta.UpdateJakartaXmlWsEE10,10,0,8239,734,10819,1032
org.openrewrite.config.DeclarativeRecipe$PreconditionBellwether,10,0,0,0,42757363,3024283
org.openrewrite.java.testing.junit5.JUnitParamsRunnerToParameterized,10,0,0,0,121679,11175
org.openrewrite.java.spring.boot2.ReplaceDeprecatedEnvironmentTestUtils,10,0,0,0,48948,3605
org.openrewrite.java.migrate.jakarta.UpdateAddAnnotatedTypes,10,0,0,0,1810232,521057
org.openrewrite.java.spring.boot2.MigrateDatabaseCredentials,10,0,27212,3913,32502,2715
org.openrewrite.java.spring.data.UpgradeSpringData_2_3,10,0,25351,3581,33404,4121
org.openrewrite.apache.httpclient5.MigrateRequestConfig,10,0,0,0,57047,12274
org.openrewrite.java.spring.data.UpgradeSpringData_2_5,10,0,72409,43464,24517,6773
org.openrewrite.java.spring.data.UpgradeSpringData_2_7,10,0,29241,9545,33773,9290
org.openrewrite.java.migrate.JREJdbcInterfaceNewMethods,10,0,5482,1614,14690,1550
org.openrewrite.java.migrate.BeansXmlNamespace,10,0,0,0,53537,34929
org.openrewrite.java.migrate.jakarta.UpdateApacheCommonsEmailDependencies,10,0,8103,2883,13656,2993
org.openrewrite.maven.ChangeManagedDependencyGroupIdAndArtifactId,10,0,0,0,628721,84507
org.openrewrite.java.migrate.ThreadStopDestroy,10,0,5654,1233,20270,4620
org.openrewrite.java.migrate.util.OptionalNotEmptyToIsPresent,10,0,0,0,180841,28254
org.openrewrite.maven.ChangePluginGroupIdAndArtifactId,10,0,0,0,167160,121942
org.openrewrite.java.testing.testcontainers.Testcontainers2Migration,10,0,19656,2189,52166,8547
org.openrewrite.java.spring.security5.UpdateSCryptPasswordEncoder,10,0,0,0,29087,4528
org.openrewrite.openapi.swagger.MigrateApiImplicitParamsToParameters,10,0,11990,1889,61750,9163
org.openrewrite.java.migrate.jakarta.JavaxMigrationToJakarta,10,0,17430,6430,18316,5344
org.openrewrite.java.spring.doc.SecurityContextToSecurityScheme,10,0,0,0,2801111,1316019
org.openrewrite.java.springdoc.UpgradeSpringDoc_2_2,10,0,6163,1332,19813,7930
org.openrewrite.java.migrate.net.MigrateMulticastSocketGetTTLToGetTimeToLive,10,0,183988,178978,17815,1944
org.openrewrite.java.testing.mockito.CleanupMockitoImports,10,0,0,0,879430,481253
org.openrewrite.hibernate.MigrateToHypersistenceUtilsHibernate6.2,10,0,3659,1055,7506,1603
org.openrewrite.java.spring.boot2.SamlRelyingPartyPropertyApplicationPropertiesMove,10,0,0,0,455761,105579
org.openrewrite.hibernate.MigrateToHypersistenceUtilsHibernate6.0,10,0,7345,1183,33594,4175
org.openrewrite.java.spring.security6.PropagateAuthenticationServiceExceptions,10,0,0,0,55579,9236
org.openrewrite.apache.commons.lang.WordUtilsToCommonsText,10,0,10710,2192,38978,9383
org.openrewrite.java.migrate.jakarta.UpgradeFaces4OpenSourceLibraries,10,0,3903,413,20867,5814
org.openrewrite.java.spring.boot3.MigrateSapCfJavaLoggingSupport,10,0,8233,1797,20978,7207
org.openrewrite.java.migrate.logging.MigrateGetLoggingMXBeanToGetPlatformMXBean,10,0,0,0,220090,33296
org.openrewrite.java.migrate.AddLombokMapstructBinding,10,0,23163,2779,21544,4767
org.openrewrite.java.spring.framework.MigrateResponseStatusException,10,0,4440,658,37080,5728
org.openrewrite.hibernate.MigrateToHibernateDependencies60,10,0,5838,662,11616,658
org.openrewrite.java.spring.boot2.MigrateLoggingSystemPropertyConstants,10,0,0,0,90134,14350
org.openrewrite.java.spring.boot3.MigrateDropWizardDependencies,10,0,9754,4645,30027,5349
org.openrewrite.java.migrate.javaee8.ServletIsRequestedSessionIdFromURL,10,0,7729,2065,15695,3050
org.openrewrite.java.spring.framework.UpgradeSpringFramework_6_0,10,0,9897,2217,92083,56600
org.openrewrite.java.spring.batch.MigrateItemWriterWrite,10,0,0,0,40605,4910
org.openrewrite.java.migrate.jakarta.JavaxElToJakartaEl,10,0,8268,1964,27393,4806
org.openrewrite.java.spring.test.SpringRulesToJUnitExtension,10,0,0,0,235958,59026
org.openrewrite.java.spring.boot3.RemoveConstructorBindingAnnotation,10,0,0,0,54856,5736
org.openrewrite.java.spring.framework.UseObjectUtilsIsEmpty,10,0,39192,8666,67826,10649
org.openrewrite.maven.AddAnnotationProcessor,10,0,0,0,3279,1045
org.openrewrite.java.testing.junit5.UpdateMockWebServer,10,0,0,0,89373,9820
org.openrewrite.java.migrate.jakarta.JavaxWsToJakartaWs,10,0,5937,847,20139,2952
org.openrewrite.java.migrate.jakarta.JavaxEjbJarXmlToJakartaEjbJarXml,10,0,11559,944,41547,6034
org.openrewrite.java.migrate.sql.MigrateDriverManagerSetLogStream,10,0,0,0,18757,2091
org.openrewrite.java.migrate.lang.UseTextBlocks,10,0,0,0,1706333,263825
org.openrewrite.java.spring.SeparateApplicationPropertiesByProfile,10,0,1674228,1334038,1415906,874749
org.openrewrite.java.migrate.javaee7,10,0,4712,483,17787,1238
org.openrewrite.java.migrate.javaee8,10,0,8922,2840,10065,784
org.openrewrite.java.testing.junit5.ThrowingRunnableToExecutable,10,0,0,0,33602,9247
org.openrewrite.java.migrate.javaee6,10,0,3999,520,10410,908
org.openrewrite.java.testing.junit5.TestRuleToTestInfo,10,0,0,0,52450,8174
org.openrewrite.java.spring.boot2.SpringBoot2BestPractices,10,0,108895,67667,121124,14191
org.openrewrite.java.migrate.javax.AddJaxbRuntime,10,0,948497,272235,2876330,1609302
org.openrewrite.java.migrate.jakarta.RemovedStateManagerMethods,10,0,7386,751,103621,77298
org.openrewrite.java.migrate.lang.MigrateClassNewInstanceToGetDeclaredConstructorNewInstance,10,0,0,0,599316,61692
org.openrewrite.java.testing.junit5.UpgradeOkHttpMockWebServer,10,0,0,0,62461,16436
org.openrewrite.java.migrate.jakarta.JacksonJavaxToJakarta,10,0,6990,1836,17965,1539
org.openrewrite.java.spring.framework.MigrateResponseEntityExceptionHandlerHttpStatusToHttpStatusCode,10,0,0,0,157937,87192
org.openrewrite.java.spring.security6.oauth2.server.resource.OAuth2ResourceServerLambdaDsl,10,0,0,0,25564,7631
org.openrewrite.java.testing.junit5.AddHamcrestJUnitDependency,10,0,1417691,215412,136656,14358
org.openrewrite.java.spring.boot3.UpgradeSpringBoot_3_0,10,0,20300,11910,11856,2580
org.openrewrite.java.spring.boot3.UpgradeSpringBoot_3_1,10,0,2906,424,5692,1002
org.openrewrite.java.migrate.javax.AddJaxbAPIDependencies,10,0,6094,1473,11264,1470
org.openrewrite.java.migrate.jakarta.UpdateApacheWSSecurityPackages,10,0,5808,705,22470,5474
org.openrewrite.java.migrate.util.UseEnumSetOf,10,0,0,0,1050617,166567
org.openrewrite.java.spring.batch.JobParameterToString,10,0,0,0,24462,3327
org.openrewrite.java.springdoc.UpgradeSpringDoc_2,10,0,18432,3735,63393,11003
org.openrewrite.java.spring.boot2.GetErrorAttributes,10,0,0,0,81044,12814
org.openrewrite.java.migrate.jakarta.ApplicationPathWildcardNoLongerAccepted,10,0,0,0,2188180,1122177
org.openrewrite.java.migrate.lang.StringFormatted,10,0,0,0,250056,52237
org.openrewrite.java.migrate.jakarta.JohnzonJavaxToJakarta,10,0,4327,676,15195,1413
org.openrewrite.java.ChangeType,10,0,0,0,396178122,3253650
org.openrewrite.java.migrate.javax.MigrateElementKindVisitor6To9,10,0,4782,1435,17367,2204
org.openrewrite.java.migrate.concurrent.MigrateAtomicLongWeakCompareAndSetToWeakCompareAndSetPlain,10,0,7751,3082,14397,1322
org.openrewrite.java.testing.mockito.PowerMockitoWhenNewToMockito,10,0,0,0,42177,2607
org.openrewrite.gradle.plugins.UpgradePluginVersion,10,0,8520569,304855,8858882,1255672
org.openrewrite.text.FindAndReplace,10,0,0,0,23147484,5999918
org.openrewrite.java.ChangeMethodTargetToStatic,10,0,0,0,1094645,44610
org.openrewrite.java.migrate.JpaCacheProperties,10,0,0,0,127632,60698
org.openrewrite.java.spring.kafka.KafkaTestUtilsDuration,10,0,0,0,83983,10260
org.openrewrite.java.dependencies.RemoveDependency,10,0,8617494,1591627,20473079,733329
org.openrewrite.java.testing.byteman.BytemanJUnit4ToBytemanJUnit5,10,0,0,0,110318,47338
org.openrewrite.maven.ExcludeDependency,10,0,0,0,2130922,538836
org.openrewrite.java.migrate.jakarta.JavaxOrmXmlToJakartaOrmXml,10,0,18954,3975,16460,1875
org.openrewrite.java.spring.data.RefactorSimpleMongoDbFactory,10,0,0,0,1294666,672083
org.openrewrite.maven.RemoveDuplicateDependencies,10,0,0,0,2212686,1732464
org.openrewrite.java.springdoc.MigrateSpringdocCommon,10,0,19275,2462,48024,10704
org.openrewrite.java.migrate.RemovedZipFinalizeMethods,10,0,5249,1288,15916,1409
org.openrewrite.java.spring.DeleteSpringProperty,10,0,0,0,5638077,920117
org.openrewrite.xml.AddOrUpdateChildTag,10,0,0,0,108424,60703
org.openrewrite.java.spring.batch.ConvertReceiveTypeWhenCallStepExecutionMethod,10,0,0,0,88085,10028
org.openrewrite.apache.httpclient5.NewStatusLine,10,0,0,0,15024,1362
org.openrewrite.java.migrate.javax.MigrateSimpleAnnotationValueVisitor6To9,10,0,8887,4396,15140,2144
org.openrewrite.java.spring.batch.MigrateStepBuilderFactory,10,0,0,0,19571,3087
org.openrewrite.java.spring.boot2.HttpSecurityLambdaDsl,10,0,0,0,100354,17615
org.openrewrite.java.ChangeMethodName,10,0,0,0,21936265,464856
org.openrewrite.java.migrate.jakarta.JavaxAnnotationMigrationToJakartaAnnotation,10,0,7583,993,16808,1838
org.openrewrite.java.migrate.jakarta.JavaxActivationMigrationToJakartaActivation,10,0,5260,1274,14425,1502
org.openrewrite.java.migrate.net.MigrateURLEncoderEncode,10,0,0,0,237924,38415
org.openrewrite.java.migrate.JREThrowableFinalMethods,10,0,0,0,133072,37609
org.openrewrite.java.migrate.ReferenceCloneMethod,10,0,0,0,37097,8896
org.openrewrite.java.spring.boot2.MaybeAddJavaxValidationApi,10,0,30574,10092,37780,3602
org.openrewrite.openapi.swagger.MigrateApiParamToParameter,10,0,9737,1774,51853,8389
org.openrewrite.java.migrate.lombok.LombokOnXToOnX_,10,0,0,0,196840,55861
org.openrewrite.java.testing.mockito.Mockito1to4Migration,10,0,26061,3810,36658,2893
org.openrewrite.java.migrate.jakarta.JettyUpgradeEE10,10,0,7368,534,12377,1338
org.openrewrite.java.migrate.jakarta.JavaxAuthenticationMigrationToJakartaAuthentication,10,0,11207,3147,16779,1819
org.openrewrite.java.testing.junit5.VertxUnitToVertxJunit5,10,0,31027,3884,67173,15032
org.openrewrite.java.spring.data.MigrateAuditorAwareToOptional,10,0,0,0,113443,12841
org.openrewrite.java.migrate.util.OptionalNotPresentToIsEmpty,10,0,0,0,429069,49784
